Input_File,iRC1080-Chapman2.xml
Status,optimal
Solution,617.5259773624224
,
Reaction,Flux_Value
PRISM_solar_litho,0.0
PRISM_solar_exo,0.0
PRISM_incandescent_60W,0.0
PRISM_fluorescent_warm_18W,0.0
PRISM_fluorescent_cool_215W,0.0
PRISM_metal_halide,0.0
PRISM_high_pressure_sodium,0.0
PRISM_growth_room,0.0
PRISM_white_LED,4.59151
PRISM_red_LED_array_653nm,96.62811
PRISM_red_LED_674nm,3.653
PRISM_design_growth,10.0
EX_h_LPAREN_e_RPAREN_,0.48450533024372944
EX_h2o_LPAREN_e_RPAREN_,-4.0268732365246604
EX_pi_LPAREN_e_RPAREN_,-0.1394968188553114
EX_nh4_LPAREN_e_RPAREN_,-0.4660456520805328
EX_no3_LPAREN_e_RPAREN_,-0.061372818352123916
EX_so4_LPAREN_e_RPAREN_,-0.002606039531884541
EX_fe2_LPAREN_e_RPAREN_,0.0
EX_fe3_LPAREN_e_RPAREN_,0.0
EX_mg2_LPAREN_e_RPAREN_,-0.0036061635897192052
EX_na1_LPAREN_e_RPAREN_,-1.092653840711458
EX_photonVis_LPAREN_e_RPAREN_,-114.87262000000001
EX_o2_LPAREN_e_RPAREN_,-1.4906965279596684
EX_co2_LPAREN_e_RPAREN_,-5.435658491042006
EX_hco3_LPAREN_e_RPAREN_,0.0
EX_starch_LPAREN_h_RPAREN_,0.0
EX_ac_LPAREN_e_RPAREN_,0.0
EX_rib_DASH_D_LPAREN_e_RPAREN_,0.0
EX_no2_LPAREN_e_RPAREN_,0.0
EX_his_DASH_L_LPAREN_e_RPAREN_,0.0
EX_urea_LPAREN_e_RPAREN_,0.0
EX_ad_LPAREN_e_RPAREN_,0.0
EX_gua_LPAREN_e_RPAREN_,0.0
EX_ade_LPAREN_e_RPAREN_,0.0
EX_alltt_LPAREN_e_RPAREN_,0.0
EX_alltn_LPAREN_e_RPAREN_,0.0
EX_hxan_LPAREN_e_RPAREN_,0.0
EX_orn_LPAREN_e_RPAREN_,0.0
EX_gln_DASH_L_LPAREN_e_RPAREN_,0.0
EX_urate_LPAREN_e_RPAREN_,0.0
EX_leu_DASH_L_LPAREN_e_RPAREN_,0.0
EX_arg_DASH_L_LPAREN_e_RPAREN_,0.0
EX_so3_LPAREN_e_RPAREN_,0.0
EX_s_LPAREN_e_RPAREN_,0.0
EX_selt_LPAREN_e_RPAREN_,0.0
EX_etoh_LPAREN_e_RPAREN_,0.0
EX_for_LPAREN_e_RPAREN_,0.0
EX_h2_LPAREN_e_RPAREN_,0.0
EX_glyclt_LPAREN_e_RPAREN_,0.0
EX_succ_LPAREN_e_RPAREN_,0.0
EX_lac_DASH_D_LPAREN_e_RPAREN_,0.0
EX_6mpur_LPAREN_e_RPAREN_,0.0
EX_tgua_LPAREN_e_RPAREN_,0.0
EX_tega_LPAREN_e_RPAREN_,0.0
EX_5flura_LPAREN_e_RPAREN_,0.0
EX_cital_LPAREN_e_RPAREN_,0.0
EX_lido_LPAREN_e_RPAREN_,0.0
PS_asn_DASH_L_LPAREN_c_RPAREN_,0.006540715613421706
CY_focytc_LPAREN_h_RPAREN_,0.061372818352123916
CY_focytb5_LPAREN_c_RPAREN_,0.04788953581862678
Biomass_Chlamy_auto,0.13541465012759749
Biomass_Chlamy_mixo,0.0
Biomass_Chlamy_hetero,0.0
ATPM_LPAREN_NGAM_RPAREN_,0.183
DM_apotfen_LPAREN_h_RPAREN_,0.0
DM_asnglcnacglcnacman_DASH_LPAREN_DASH_man_DASH_RPAREN_DASH_man_LPAREN_c_RPAREN_,0.006540715613421706
DM_bhb_LPAREN_m_RPAREN_,0.0
DM_bhb_LPAREN_x_RPAREN_,0.0
DM_cat_LPAREN_c_RPAREN_,0.0
DM_ficytb5_LPAREN_c_RPAREN_,0.0
DM_glu5sa_LPAREN_m_RPAREN_,0.0
DM_hcarn_LPAREN_c_RPAREN_,0.0
DM_icit_LPAREN_h_RPAREN_,0.0
DM_leutrna_LPAREN_c_RPAREN_,0.0
DM_na1_LPAREN_c_RPAREN_,0.3958260374005127
DM_na1_LPAREN_h_RPAREN_,0.696827803311007
DM_na1_LPAREN_m_RPAREN_,0.0
DM_na1_LPAREN_x_RPAREN_,0.0
DM_no_LPAREN_h_RPAREN_,0.061372818352123916
DM_o2D_LPAREN_u_RPAREN_,7.313634152337094
DM_photon298_LPAREN_c_RPAREN_,0.0010202505808692437
DM_photon437_LPAREN_u_RPAREN_,0.0
DM_photon438_LPAREN_u_RPAREN_,0.21082179428801215
DM_photon450_LPAREN_h_RPAREN_,0.12198126798725346
DM_photon490_LPAREN_s_RPAREN_,0.697233258577883
DM_photon646_LPAREN_h_RPAREN_,88.45237426192125
DM_photon673_LPAREN_u_RPAREN_,6.370835784312046
DM_photon680_LPAREN_u_RPAREN_,0.0
DM_udg_LPAREN_m_RPAREN_,0.0
DM_urdglyc_LPAREN_m_RPAREN_,0.0
1ACPCth,0.0
23DHMBth,0.0
23DHMPth,-0.004428635092241849
2PGLYCth,0.0
2PGth,0.0
3C3HMPth,0.0
3MOBth,-0.011153599491572078
3PG_LPAREN_pi_RPAREN_thr,-0.8657421355455632
4ABUTth,0.0
4ABUTthi,0.0
5MTAth,0.0
6PGLthr,0.006656576948318005
ACCOAth,-0.4859606489126848
ACSERthi,0.0
ACth,-0.008439805453569704
AIRth,0.0
AKG_LPAREN_na_RPAREN_th,0.0
AKGMALth,0.1014654716436651
ALABth,0.0
AMETAMth,0.0
AMETt2h,-0.0036061635897192052
AMPth,-9.042246118529107e-17
ASPNA1th,0.0
ASPSAth,-0.0024603528290232483
ASPth,-0.16484631584827195
ATP_LPAREN_3h_RPAREN_th,0.0
CMPth,-0.021104653788575328
CO2th,1.4905057089793643
COAth,0.02801329864441429
CTPth,0.021104653788575328
CYSth,-0.00032804704386976734
DHAP_LPAREN_pi_RPAREN_thr,0.0
DMPPth,-1.734723475976807e-18
ETOHth,0.0
F6P_LPAREN_pi_RPAREN_thi,0.2551786508812261
F6PBth,0.0
FA160h,-0.02103383835327364
FA1619Zh,0.0
FA180h,0.002618965002299031
FA18111Zh,0.007262591325593165
FA1819Zh,-0.009430802212296904
FADH2th,0.0
FADth,0.0
FE2th,0.0
FE3abch,0.0
FORthi,0.028013439182713255
FRDPth,-2.168404344971009e-19
G1P_LPAREN_pi_RPAREN_th,0.0
G3P_LPAREN_pi_RPAREN_thr,0.0
G6PA_LPAREN_pi_RPAREN_th,0.0
G6PB_LPAREN_pi_RPAREN_th,0.0
GALth,-0.09438352432188024
GLNth,-0.07261616292591173
GLU4ABUTthi,0.0
GLUNA1th,0.0
GLUth,0.0
GLYC3Pth,0.0
GLYCLTth,0.0
GLYCth,0.0
GLYNA1th,0.04359567376652275
GLYth,0.0
GRDPth,0.0
H2Oth,0.0
H2th,0.0
HCO3_LPAREN_h_RPAREN_thi,7.478713902262006
HCYSth,-0.00032804704386976745
HGENTISth,0.0
HISth,0.0
ILEth,0.0
IMPth,0.0
IPDPth,0.0
LEUth,0.0
LNLCth,0.0
MAL_LPAREN_na_RPAREN_th,-3.2603363233879734
MALGLUth,0.0
MALOAAth,0.0
MANth,-0.005220833333333333
METHFth,0.0
MG2th,0.0036061635897192052
NA1ATPaseh,0.0
NA1Hth,3.9135684529324575
NA1th,0.0
NADHth,4.85722573273506e-17
NADPHth,0.0
NADPth,-2.4528989950312052e-15
NADth,0.0
NH4th,0.34518290414553393
NO2th,0.061372818352123916
O2thr,0.059824639141842405
PAPSPAPthr,0.0
PEPPIth,0.0
PHEMEth,0.0
PHEth,0.0
PINA1th,0.0
PMTCOAth,1.4053829896580386e-07
PPAth,0.0
PPCOAth,-0.028013439182713255
PPHNth,-0.004592658614176745
PPIth,0.0
PTRCthr,0.0
PYRth,4.173105066867384
R5Pth,-0.0477575725060672
RIBFLVth,0.0
SERNA1th,0.0
SERth,-0.06066676437051637
SO3t,0.0026060395318845673
SQDG18111Z160th,0.00032063363110829645
SQDG1819Z160th,0.0009637004073776989
SUCFUMthr,0.0
THRNA1th,0.0
THRth,-0.011153599491572078
TRPth,-0.00016402352193488367
TSULth,0.0
TYRth,-0.00016402352193488367
UDPGALth,0.10335292047312049
UDPGth,0.0019499454441450322
UDPth,-0.1033529204731205
UMPth,0.10335292047312049
VALth,0.011153599491572078
5FLURAt,0.0
5FTHFt,0.0
6MPURt,0.0
ACt,0.0
ADEt,0.0
ADtr,0.0
ALLTNt,0.0
ALLTTt,0.0
ARG_DASH_Lt,0.0
CITALt,0.0
CO2t,5.435658491042006
D_DASH_LACti,0.0
ETOHti,0.0
FE2GTPabc,0.0
FE3t,0.0
FEROt,0.0
FORti,0.0
GLNt,0.0
GLYCLTt,0.0
GUAt,0.0
H2Ot,4.0268732365246604
H2ti,0.0
HATPase,0.0
HCO3_LPAREN_h_RPAREN_ti,0.0
HISt,0.0
HXANt,0.0
LEUt,0.0
LIDOt,0.0
MEGLYXYLt,0.0
MG2t,0.0036061635897192052
NH4t,0.4660456520805328
NO2t,0.0
NO3t,0.061372818352123916
O2t,1.4906965279596684
ORNt,0.0
PAIL18111Z160t,0.0
PAIL1819Z160t,0.0
PE1801819Zt,0.0
PE1801829Z12Zt,0.0
PE1801835Z9Z12Zt,0.0
PE1801845Z9Z12Z15Zt,0.0
PE18111Z1819Zt,0.0
PE18111Z1829Z12Zt,0.0
PE18111Z1835Z9Z12Zt,0.0
PE18111Z1845Z9Z12Z15Zt,0.0
PE1819Z1819Zt,0.0
PE1819Z1829Z12Zt,0.0
PE1819Z1835Z9Z12Zt,0.0
PE1819Z1845Z9Z12Z15Zt,0.0
PE1829Z12Z1835Z9Z12Zt,0.0
PG18111Z160t,0.0
PG1819Z160t,0.0
PGP18111Z160t,0.0
PGP1819Z160t,0.0
PIt,0.1394968188553114
RIBt,0.0
SELTt,0.0
SO4NA1t,1.092653840711458
SO4t,-1.0900478011795736
SUCCt,0.0
TEGAt,0.0
TGUAt,0.0
TSULt,0.0
URATEt,0.0
UREAt,0.0
ACCOAts,0.0
ACts,0.0
COAts,-1.4053829896580386e-07
H2Ots,0.0
HDCAts,-1.4053829896580386e-07
Hts,1.4053829896580386e-07
NADHts,0.0
NADPHts,0.0
NADPts,0.0
NADts,0.0
PMTCOAts,1.4053829896580386e-07
RETINALts,1.4053829896580386e-07
NADPHtf,1.1934897514720433e-15
NADPtf,0.0
OAAtf,0.0
FDPtf,0.0
H2Otf,0.0
PItf,0.0
PYRtf,0.0
2PGLYCtx,0.0
3PGtx,0.0
ACCOAtx,0.0
ASNtx,0.0
ASPtx,0.0
CITx,0.0
CO2tx,0.0
COA_LPAREN_h_RPAREN_tx,0.0
FA160COAabcp,0.0
FA40COAabcp,0.0
FORtxi,0.0
GLXtx,0.0
H2Otx,0.0
NADH_LPAREN_h_RPAREN_tx,0.0
NADtx,0.0
NH4tx,0.0
O2tx,0.0
PItx,0.0
10FTHFtx,0.0
ACACtx,0.0
ACALDtx,3.232830669830378e-14
ALANA1tx,-6.465661339660755e-14
ALAtx,6.465661339660755e-14
ETOHtx,-3.232830669830378e-14
FADH2tx,0.0
FADtx,0.0
GLYCLTtx,0.0
GLYtx,0.0
H2O2tx,0.0
METHFtx,0.0
NADPHtx,0.0
NADPtx,0.0
4HPROtg,0.0
AHCYStg,0.0
AMETtg,0.0
Htg,0.0
UDPARAtg,0.0
UDPGALtg,0.0
UDPtg,0.0
1ACPCtm,2.7755575615628914e-17
23DHMBtm,0.0
2DHPtm,0.0
2PGtm,5.447152698850277e-15
34HPPt2m,0.0
3MOPtm,0.0
4ABUTtm,0.0
4ABUTtmi,0.0
4MOPtm,0.0
5FTHFtm,0.0
5MTAtm,0.0
ACACtm,0.0
ACCOAtm,0.359111977922698
ACSERtmi,0.0
ACtm,0.0
ADNtm,-2.2551405187698492e-17
AKG_LPAREN_na_RPAREN_tm,0.0
AKGCITtm,0.0
AKGICITtm,1.817990202823694e-15
ALABtm,0.0
ALANA1tm,0.0
ALAtm,0.01919075206638305
ALLTNtm,0.0
ALLTTtm,0.0
AMETAMtm,0.0
AMETt2m,0.009505265808307736
ARG_DASH_Ltm,0.020338916719925597
ASNNA1tm,0.0
ASNtm,0.0
ASPNA1tm,0.0
ASPtm,0.022868265296276634
ATP_LPAREN_3h_RPAREN_tm,0.0
CITICITtm,0.0
CITRLtm,-0.020338916719925597
CO2tm,0.059319185062545195
COAtm,-0.004068671273399841
DATPtm,0.00029516239352546836
DCTPtm,0.0005247331440452778
DGTPtm,0.0
DHORStm,-0.02286826529627663
DICtm,-0.051603781044808894
D_DASH_LACtm,0.0
DTTPtm,0.00029516239352546836
ETOHtm,3.232830669830378e-14
FA40COAtm,0.049596296621750906
FADH2tm,0.0
FADtm,0.0
FORtmi,0.016030096540214242
FRDPtm,0.0
GLNtm,0.0
GLU4ABUTtmi,0.0
GLUNA1tm,0.0
GLUtm,0.0
GLYCLTtm,0.0
GLYNA1tm,-0.08040593842727065
GLYtm,0.0
GMPtm,0.0
H2O2tm,0.022868265296276835
H2Otm,-3.3047961175664136
H2tm,0.0
HCO3_LPAREN_h_RPAREN_tmi,0.0
HCYStm,0.0
HMGCOAtm,0.0
ILEtm,0.0
LEUtm,0.0
MAL_LPAREN_na_RPAREN_tm,0.0
MALAKGtm,0.0
MALCITtm,0.0775642947324124
MALICITtm,0.0
MALOAAtm,-3.335841281344035
METHFtm,0.0
METtm,0.0
MLTHFtm,-0.00029516239352546836
NA1ATPasem,0.0
NA1Htm,0.0
NA1tm,0.0
NADHtm,0.0
NADtm,3.674838211509268e-14
NH4tm,0.07850993712892138
O2tmr,1.36569148916589
OAAAKGtm,0.0
OAACITtm,0.0
OAAICITtm,0.0
ORNtm,0.020338916719925597
PHEMEtm,0.0
PIcm,0.0
PINA1tm,0.08040593842727425
PItm,0.15256025484150634
PMTCOAtm,0.049596296621750906
PNTORtm,0.0
PPAtm,-0.004068671273399894
PPCOAtm,0.004068671273399869
PRONA1tm,0.0
PROtm,0.0
PTRCtmi,0.0
PYRtm,0.035220848606594024
SELTtm,0.0
SERNA1tm,0.0
SERtm,0.04510318331455193
SO4NA1tm,0.0
SPMDtmi,0.0
SPMDtmr,0.0
SUCFUMtmr,-0.051603781044808894
THFtm,0.0002951623935254725
THRNA1tm,0.0
THRtm,0.0
TSULtm,0.0
TYRtm,0.0
UDPtm,0.23185113533769033
URATEtm,0.0
UREAtm,0.0
UTPtm,-0.23185113533769033
VALtm,-0.019190752066381378
2DHPtn,0.0
AHCYStn,0.0
AMETtn,0.0
AMPtn,0.0
APStn,0.0
GMPtn,0.0
H2O2tn,0.0
H2Otn,0.0
NADtn,0.0
NH4tn,0.0
O2tnr,0.0
PItn,0.0
SO4tn,0.0
UDPGtni,0.0
UDPtn,0.0
ACAROtu,0.00025943965658074483
CAROtu,7.026914948290193e-08
CHLAtu,0.0
CHLDA1tu,0.0
CHLDA2tu,0.001365471876740763
CHLDBtu,0.0022406917129784423
GCAROtu,0.0003687476758694884
GGDPtu,0.0
GTHOXtu,0.0
GTHRDtu,0.0
H2Othu,3.4172072256307544
Htu,42.9168713752624
MG2tu,0.0
NADPHtu,0.0009626576731022365
NADPtu,-0.0009626576731022365
O2trhu,0.0010923775013926087
PDPtu,0.0036061635897192052
PPItu,-0.0036061635897192052
AAT,0.01919075206638305
ALATL,0.0
ASNTL,0.0
ASPO,0.0
ASPOm,0.0
ASPTL,0.0
AGAT,0.0
AGATx,0.0
ASPATh,-0.16763471572116942
ASPS,0.01572603284177518
ASPSE,0.0
AAPT,0.0
ACGAM6PSi,0.013081431226843411
ACGAMPM,0.013081431226843411
G6PDA,-0.013081431226843411
GF6PTA,0.0
UA4E,0.07097642605703963
UAD,0.07097642605703963
UDPACGLP,0.013081431226843411
UDPGALOR,0.0
UMPU,0.0
AAAT,0.0
AABHH,0.0
AGGPR,0.020338916719925597
AGK,0.020338916719925597
AODAA,0.0
AOTA,0.020338916719925597
AOTAm,0.0
ARGDI,0.0
ARGT,0.0
G5DH,0.006396917355460464
G5DHm,0.0
G5DHx,0.0
GACT,0.020338916719925597
GSC,0.006396917355460464
NOS,0.0
NOS1,0.0
NOS2,0.0
ORNTArm,0.0
P5CR,0.006396917355460464
P5CRm,0.0
PROTL,0.0
ARGSL,0.020338916719925597
ARGSS,0.020338916719925597
GLU5K,0.006396917355460464
OCT,0.0
OCTh,0.0
OCTm,0.020338916719925597
ASCBOR,0.0001297198282903722
GTHDHu,0.0
UDPGLCURH,0.0
APOR,0.0
ASAPT,0.0
BADP,0.0
HIDP,0.0
PAO,0.0
PBAL,0.0
PPCOAOm,0.0
SPDH,0.0
BUPN,0.0
DHDH,0.0
DHPD,0.0
44MZYMMO,0.0
44MZYMOR,0.0
4MZYMCODH,0.0
4MZYMDM,0.0
4MZYMR,0.0
CADMO,0.0
CADS,0.0
CAS,0.0
CHLSTD78I,0.0
CHLSTI,0.0
CHLSTR,0.0
CMK,0.01999634176917499
CMS,0.01999634176917499
CYARTMT,0.0
CYEUOLCYCI,0.0
CYEUOLS,0.0
DDSMSTOLD,0.0
DDSMSTOLR,0.0
DSMSTOLD,0.0
DSMSTOLR,0.0
DXRI,0.01999634176917499
DXS,0.01999634176917499
FPPS,0.0
FPPSh,0.004999085442293747
GGDR,0.0036061635897192052
GGPS,0.004999085442293747
GPPS,0.0
GPPSh,0.004999085442293747
HDS,0.01999634176917499
HPT,0.0
IDI,1.734723475976807e-18
IDIh,0.0
IDS1,0.014997256326881241
IDS2,0.004999085442293746
LNS14DM,0.0
LS,0.0
LTHSTRLOR,0.0
MCS,0.01999634176917499
MERGTROLR,0.0
MPQMT,0.0
OBFOOLOR,0.0
PSPPS,0.0
SMO,0.0
SS,0.0
TCYD,0.0
TCYG,0.0
TMTB,0.0
TMTD,0.0
TMTG,0.0
VITD3S,0.0
ZYMSTR,0.0
3OACOAR,0.023944767909313387
3OACOAS,0.023944767909313387
COA1819ZD9DS,0.02394476790931339
ECOAH8,0.023944767909313387
ECOAR,0.023944767909313387
FACOAE160,0.02103383835327364
FACOAE180,0.0
FACOAE1819Z,0.009430802212296904
FACOAE1829Z12Z,0.0
FACOAE1836Z9Z12Z,0.0
FACOAE1839Z12Z15Z,0.0
LNLCCOAOR,0.0
APLh,0.0
APLm,0.0
BCACT,0.003421047028070266
BCOR,-0.05301734364982117
BNOR,0.0
BNORh,0.0
BTS,0.0
BTS_LPAREN_nadph_RPAREN_,0.0
HBCHL,0.05301734364982117
HBCHLm,0.0
HBCHLR,0.0
HBCO,0.0
HBCO_LPAREN_nadp_RPAREN_,0.05301734364982117
HBCO_LPAREN_nadp_RPAREN_m,0.0
HBCOm,0.0
HBNOm,0.0
HBNOx,0.0
SSNOh,0.0
SSNOm,0.0
ALAAT,-0.04436889168786538
FBA3hi,4.577359272003241
GAPDH_LPAREN_nadp_RPAREN_hi,10.805837048019454
HCO3Ehi,7.468302673872141
HCO3E,-3.211667565935339
HCO3Em,-0.043207182016202224
MDH_LPAREN_nadp_RPAREN_hi,0.0
MDHCm,0.0
PPC,0.8657421355455576
PPDKh,0.009841411316093025
PRUK,6.041237039403161
RBPCh,6.041237039403161
SBP,4.577359272003241
ASPATm,0.0
MDHC_LPAREN_nadp_RPAREN_hr,-3.529436510752808
ANXANASCOR,-0.000136547187674076
ANXANOR,0.0
BCAROH,0.00017751134397629874
BCAROKT,0.0
BCRPTXANH,0.00017751134397629874
CHYA1,0.00025943965658074483
CHYA2,0.0
CXHY,0.0
LCYA,0.00032771325041778285
LCYB,0.0003687476758694884
LCYD,0.00032771325041778285
LCYE,0.0
LCYG,0.0003687476758694884
LUTH,8.875567198814945e-05
NEOXANS,7.510095322074181e-05
NOR,0.0006964609262872713
PDS1,0.0006964609262872713
PDS2,0.0006964609262872713
PSY,0.0006964609262872713
VIOXANOR,-0.00012289246890666836
ZAXANOR,0.0
ZDS,0.0006964609262872713
ZHY,0.00025943965658074483
ETF,0.0
ETFQO,0.0
3SPYRSPh,0.0
3SPYRSPm,0.0
ACSERSULL,0.0
ACSERSULLh,0.0
ACSERSULLm,0.0
CYSTAm,0.0
SHSL1h,0.0
SHSL2h,0.0
SHSL4h,0.0
AATC,0.0
AATCm,0.0
AATG,0.0
AATGm,0.0
CTINBL,0.0
CYSATm,0.0
CYSAT,0.0
CYSDO,0.0
CYSS,0.0
CYSS_LPAREN_trdrd_RPAREN_,0.0
CYSTBL,0.0006560940877395348
CYSTL,0.0
SAT,0.0
SATm,0.0
CITALALDOR,0.0
CITALDM,0.0
CITALMO,0.0
CITALOR,0.0
DDMCITALOR,0.0
DMCITALDM,0.0
DMCITALOR,0.0
LIDOAMH,0.0
LIDODM,0.0
LIDOMO,0.0
MEGLYXYLAMH,0.0
56DH5FLURAAMH,0.0
5FLURAOR,0.0
5FLURAPRT,0.0
6MPURPRT,0.0
6TINS5MPOR,0.0
6TXAN5MPAML,0.0
AFLBURPPAAMH,0.0
CYTP450R,0.0
TEGAMO,0.0
TGUAPRT,0.0
3HAD100,0.0
3HAD120,0.0
3HAD140,0.0
3HAD160,0.0
3HAD180,0.002618965002299031
3HAD181,0.007792263387566752
3HAD40,0.0
3HAD60,0.0
3HAD80,0.0
3OAR100,0.0
3OAR120,0.0
3OAR140,0.0
3OAR160,0.0
3OAR180,0.002618965002299031
3OAR181,0.007792263387566752
3OAR40,0.0
3OAR60,0.0
3OAR80,0.0
3OAS100,0.0
3OAS120,0.0
3OAS140,0.0
3OAS160,0.0
3OAS180,0.002618965002299031
3OAS181,0.007792263387566752
3OAS60,0.0
3OAS80,0.0
ACCOAC,0.0
ACOATA,0.0
ACP1619ZD9DS,0.007900756672744208
ACP1819ZD9DS,0.0
BTNC,0.0
EAR100x,0.0
EAR100y,0.0
EAR120x,0.0
EAR120y,0.0
EAR140x,0.0
EAR140y,0.0
EAR160x,0.0
EAR160y,0.0
EAR180x,0.002618965002299031
EAR181x,0.007792263387566751
EAR181y,0.0
EAR40x,0.0
EAR40y,0.0
EAR60x,0.0
EAR60y,0.0
EAR80x,0.0
EAR80y,0.0
FA100ACPHi,0.0
FA120ACPHi,0.0
FA140ACPHi,0.0
FA160ACPHi,0.0
FA161ACPHi,0.0
FA180ACPHi,0.002618965002299031
FA1819ZACPH,0.0
FA181ACPHi,0.007262591325593165
FA80ACPHi,0.0
KAS14,0.0
MCOATA,0.010411228389865784
ACACT2m,0.049596296621750906
ACACT3m,0.049596296621750906
ACACT4m,0.049596296621750906
ACACT5m,0.049596296621750906
ACACT6m,0.049596296621750906
ACACT7m,0.049596296621750906
ACOAR2m,0.049596296621750906
ACOAR3m,0.049596296621750906
ACOAR4m,0.049596296621750906
ACOAR5m,0.049596296621750906
ACOAR6m,0.049596296621750906
ACOAR7m,0.049596296621750906
ECOAH2m,0.049596296621750906
ECOAH3m,0.049596296621750906
ECOAH4m,0.049596296621750906
ECOAH5m,0.049596296621750906
ECOAH6m,0.049596296621750906
ECOAH7m,0.049596296621750906
HACD2m,0.049596296621750906
HACD3m,0.049596296621750906
HACD4m,0.049596296621750906
HACD5m,0.049596296621750906
HACD6m,0.049596296621750906
HACD7m,0.049596296621750906
AACP1819ZS,0.009430802212296904
AACPS1,0.0
AACPS3,0.021033978891572602
AACPS4,0.0
AACPS5,0.0
AACPS6,0.0
ACACT1,0.0
ACACT2,0.0
ACACT3,0.0
ACACT4,0.0
ACACT5,0.0
ACACT6,0.0
ACACT7,0.0
ACOA100OR,0.0
ACOA120OR,0.0
ACOA140OR,0.0
ACOA160OR,0.0
ACOA40OR,0.0
ACOA60OR,0.0
ACOA80OR,0.0
CACOAL,0.0018462769862741695
CYTP450Rh,0.0
ECOAH1,0.0
ECOAH2,0.0
ECOAH3,0.0
ECOAH4,0.0
ECOAH5,0.0
ECOAH6,0.0
ECOAH7,0.0
FACOAL160,0.0
FAH120,0.0
FAH140,0.0
FAH160,0.0
FAH1819Z,0.0
FAH1829Z12Z,0.0
HACD1,0.0
HACD2,0.0
HACD3,0.0
HACD4,0.0
HACD5,0.0
HACD6,0.0
HACD7,0.0
LNLCCOAL,0.0
LNLNCACOAL,0.0
LNLNCGCOAL,0.0
PACOAL,0.001842311575076592
10FTHFGLULL,0.0
10FTHFGLULLm,0.0
ADCL,0.0
ADCS,0.0
AKP1,0.0
DHFOR,0.0
DHFS,0.0
DHNPAr,0.0
DHPS,0.0
DNMPPA,0.0
DNTPPA,0.0
FOLD3,0.0
GTPCI,0.0
HPPK,0.0
THFGLUH,5.204170427930421e-18
THFGLUS,0.0
THFOR1,0.0
THFOR2,0.0
AF1PT,0.0
AGAKI,0.005220833333333333
AM6PT,0.0
AM6PTh,0.0
BFBP,0.0
BFBPh,0.0
F2PP,0.0
FBPPH,0.0
FPGPL,0.0
GAMPG,0.05886644052079536
MAKI,-0.005220833333333333
MPAKI,-0.05886644052079536
MPPM,0.05886644052079536
PFK26,0.0
SBTRh,0.0
AGMIS,0.0
EMGH,0.0
GALK,0.0
GALKh,0.0
GALO,0.0
GGGH,0.0
GRGT,0.0
IAGT,0.0
LCGH,0.0
MGHA,0.0
MGHB,0.0
MLGH,0.0
MTGH,0.0
OAGMIG,0.0
RFH,0.0
RGH,0.0
SFH,0.0
SGHA,0.0
SGHB,0.0
SYGH,0.0
UG4E,0.10335292047312049
ARGD,0.0
ARGDh,0.0
GAL,0.0
GAM,0.0
GDR,0.0
GDR_LPAREN_nadp_RPAREN_,0.0026060395318845673
GDR_LPAREN_nadp_RPAREN_h,0.0
GDR_LPAREN_nadp_RPAREN_m,0.0
GDRh,0.01999634176917499
GDRm,0.0
GLNTL,0.0
GLUS_LPAREN_ferr_RPAREN_,0.258110611395198
GLUTL,0.0
PRDPARh,0.0
GDHm,0.0
GCL,0.0
GTHS,0.0
GALh,0.33072677432111003
GALm,0.043207182016202224
GLUS,0.0
GDH,0.0
GDH_LPAREN_nadp_RPAREN_,0.0
GTHAMPOR,-0.0026060395318845673
GTHAMPORh,0.0
GTHAMPORm,0.0
GTHP,0.0
GTHPDSOR,-0.01999634176917499
ACOADAGAT16018111Z160,0.00017991545541676246
ACOADAGAT16018111Z180,0.00017405688803950919
ACOADAGAT16018111Z18111Z,0.0001744660095254933
ACOADAGAT16018111Z1819Z,0.0001744660095254933
ACOADAGAT16018111Z1835Z9Z12Z,0.00017528800028773076
ACOADAGAT16018111Z1845Z9Z12Z15Z,0.00017570087763064837
ACOADAGAT1601819Z160,0.00017991545541676246
ACOADAGAT1601819Z180,0.00017405688803950919
ACOADAGAT1601819Z18111Z,0.0001744660095254933
ACOADAGAT1601819Z1819Z,0.0001744660095254933
ACOADAGAT1601819Z1835Z9Z12Z,0.00017528800028773076
ACOADAGAT1601819Z1845Z9Z12Z15Z,0.00017570087763064837
ACOADAGAT1801819Z160,0.0001740568880395088
ACOADAGAT1801819Z180,0.00016856783208476337
ACOADAGAT1801819Z18111Z,0.0001689515279073669
ACOADAGAT1801819Z1819Z,0.0001689515279073669
ACOADAGAT1801819Z1835Z9Z12Z,0.00016972226251243898
ACOADAGAT1801819Z1845Z9Z12Z15Z,0.00017010930783539042
ACOADAGAT18111Z18111Z160,0.0001744660095254933
ACOADAGAT18111Z18111Z180,0.0001689515279073669
ACOADAGAT18111Z18111Z18111Z,0.0001693369744597067
ACOADAGAT18111Z18111Z1819Z,0.0001693369744597067
ACOADAGAT18111Z18111Z1835Z9Z12Z,0.00017011123784716584
ACOADAGAT18111Z18111Z1845Z9Z12Z15Z,0.00017050006132287882
ACOADAGAT18111Z1819Z160,0.0001744660095254933
ACOADAGAT18111Z1819Z180,0.0001689515279073669
ACOADAGAT18111Z1819Z18111Z,0.0001693369744597067
ACOADAGAT18111Z1819Z1819Z,0.0001693369744597067
ACOADAGAT18111Z1819Z1835Z9Z12Z,0.00017011123784716584
ACOADAGAT18111Z1819Z1845Z9Z12Z15Z,0.00017050006132287882
ACOADAGAT1819Z18111Z160,0.0001744660095254933
ACOADAGAT1819Z18111Z180,0.0001689515279073669
ACOADAGAT1819Z18111Z18111Z,0.0001693369744597067
ACOADAGAT1819Z18111Z1819Z,0.0001693369744597067
ACOADAGAT1819Z18111Z1835Z9Z12Z,0.00017011123784716584
ACOADAGAT1819Z18111Z1845Z9Z12Z15Z,0.00017050006132287882
ACOADAGAT1819Z1819Z160,0.0001744660095254933
ACOADAGAT1819Z1819Z180,0.0001689515279073669
ACOADAGAT1819Z1819Z18111Z,0.0001693369744597067
ACOADAGAT1819Z1819Z1819Z,0.0001693369744597067
ACOADAGAT1819Z1819Z1835Z9Z12Z,0.00017011123784716584
ACOADAGAT1819Z1819Z1845Z9Z12Z15Z,0.00017050006132287882
ACPT16018111Z,1.0420968894316113e-05
ACPT1601819Z,0.0009726803231801253
ACPT18111Z18111Z,1.0065993731628912e-05
ACPT18111Z1819Z,0.00012848668680423594
ACPT1819Z18111Z,6.56956581349607e-05
ACPT1819Z1819Z,0.0006696687608276548
AGPAT1601819Zh,0.0
AGPAT160h,0.00033113811371816534
AGPAT1801819Zh,0.0
AGPAT18111Z160h,0.0005296720619735858
AGPAT18111Z1819Zh,0.0
AGPAT1819Z160h,0.009322308927119449
AGPAT1819Z1619Zh,0.00010849328517745514
AGPAT1819Z18111Zh,0.0
AGPAT1819Z1819Zh,0.0
AGPATCOA16018111Z,0.0010643142093199535
AGPATCOA1601819Z,0.0020265735636057626
AGPATCOA1801819Z,0.0014264772825057798
AGPATCOA18111Z160,0.00025992086390063686
AGPATCOA18111Z18111Z,0.001032768779253947
AGPATCOA18111Z1819Z,0.0015891888054102214
AGPATCOA1819Z160,3.498934706354719e-05
AGPATCOA1819Z18111Z,0.0010883984436572786
AGPATCOA1819Z1819Z,0.0017322591243129773
ALCD19,0.0
ALCD19y,0.011891176335805798
ASQDCADS1829Z12Z160,0.00032183355638184624
ASQDCADS1839Z12Z15Z160,0.00016106789061547016
ASQDPADS1829Z12Z160,0.0003212332198875563
ASQDPADS1839Z12Z15Z160,0.0001607671591354958
DAGAH16018111Z,0.0
DAGAH1601819Z,0.0
DAGAH1801819Z,0.0
DAGAH18111Z18111Z,0.0
DAGAH18111Z1819Z,0.0
DAGAH1819Z18111Z,0.0
DAGAH1819Z1819Z,0.0
DAGK16018111Z,0.0
DAGK1601819Z,0.0
DAGK1601819Zh,0.0
DAGK160h,0.0
DAGK1801819Z,0.0
DAGK1801819Zh,0.0
DAGK181,0.0
DAGK18111Z160h,0.0
DAGK18111Z1819Z,0.0
DAGK18111Z1819Zh,0.0
DAGK1819Z160h,0.0
DAGK1819Z1619Zh,0.0
DAGK1819Z18111Z,0.0
DAGK1819Z18111Zh,0.0
DAGK1819Z1819Z,0.0
DAGK1819Z1819Zh,0.0
DGDGD4DS1819Z1634Z7Z10Z,2.7179978031844838e-05
DGDGD4DS1829Z12Z1634Z7Z10Z,0.00013642159761140122
DGDGD4DS1839Z12Z15Z1634Z7Z10Z,0.0
DGDGD4DS1839Z12Z15Z1644Z7Z10Z13Z,0.0
DGDGD7DS1819Z1617Z,0.0006036367886972557
DGDGD7DS1829Z12Z1617Z,4.0679980887980995e-05
DGDGGH1819Z160,0.0
DGDGGH1819Z1617Z,0.0
DGDGGH1819Z1619Z,0.09438352432188024
DGDGGH1819Z1627Z10Z,0.0
DGDGGH1819Z1637Z10Z13Z,0.0
DGDGGH1829Z12Z160,0.0
DGDGGH1829Z12Z1617Z,0.0
DGDGGH1829Z12Z1619Z,0.0
DGDGGH1829Z12Z1627Z10Z,0.0
DGDGGH1829Z12Z1634Z7Z10Z,0.0
DGDGGH1829Z12Z1637Z10Z13Z,0.0
DGDGGH1839Z12Z15Z160,0.0
DGDGGH1839Z12Z15Z1627Z10Z,0.0
DGDGGH1839Z12Z15Z1634Z7Z10Z,0.0
DGDGGH1839Z12Z15Z1637Z10Z13Z,0.0
DGDGGH1839Z12Z15Z1644Z7Z10Z13Z,0.0
DGDGS1819Z160,0.0016547704122845486
DGDGS1819Z1619Z,0.09446479513639265
DGDGW3DS1819Z1637Z10Z13Z,0.00020008324470077927
DGDGW3DS1829Z12Z1637Z10Z13Z,0.0
DGDGW3DS1839Z12Z15Z160,0.00032543984710384796
DGDGW3DS1839Z12Z15Z1627Z10Z,7.264062612968118e-05
DGDGW3DS1839Z12Z15Z1634Z7Z10Z,0.00010010168315837916
DGDGW3DS1839Z12Z15Z1637Z10Z13Z1,0.00013658335221591238
DGDGW3DS1839Z12Z15Z1637Z10Z13Z2,0.0
DGDGW3DS1839Z12Z15Z1644Z7Z10Z13Z,3.648166905753321e-05
DGDGW6DS1819Z1627Z10Z,0.0005630459550728075
DGDGW6DS1829Z12Z160,0.0008171241733528131
DGDGW6DS1829Z12Z1617Z,0.0
DGDGW6DS1829Z12Z1619Z,4.0679980887980995e-05
DGDGW6DS1829Z12Z1627Z10Z1,0.0002815421651593354
DGDGW6DS1829Z12Z1627Z10Z2,0.0
DGDGW6DS1829Z12Z1634Z7Z10Z,0.0
DGDGW6DS1829Z12Z1637Z10Z13Z,0.00017290326666893443
DGTSD5DS1601835Z9Z12Z,0.0008117876530856698
DGTSD5DS18111Z1835Z9Z12Z,9.117083362381587e-05
DGTSD5DS1819Z1835Z9Z12Z,0.00015642622852342418
DGTSD5DS1829Z12Z1835Z9Z12Z,0.00036565318495518253
DGTSDS1601829Z12Z,0.0009622593542858092
DGTSDS1601845Z9Z12Z15Z,0.00028368752993342556
DGTSDS18111Z1829Z12Z,0.00011842069307260702
DGTSDS18111Z1845Z9Z12Z15Z,3.652628498372492e-05
DGTSDS1819Z1829Z12Z,0.0001836760879722153
DGTSDS1819Z1845Z9Z12Z15Z,0.0001017816798833332
DGTSDS1829Z12Z18111Z,5.562966440333178e-05
DGTSDS1829Z12Z1819Z,0.0004759266791238106
DGTSDS1829Z12Z1829Z12Z1,0.00042029701472047883
DGTSDS1829Z12Z1829Z12Z2,0.0
DGTSDS1829Z12Z1835Z9Z12Z,0.0
DGTSDS1829Z12Z1845Z9Z12Z15Z1,6.525539489960829e-05
DGTSDS1829Z12Z1845Z9Z12Z15Z2,0.0
DGTSDS1839Z12Z15Z18111Z,4.553712386674247e-05
DGTSDS1839Z12Z15Z1819Z,4.553712386674247e-05
DGTSDS1839Z12Z15Z1835Z9Z12Z,0.0001464954750528325
DGTSDS1839Z12Z15Z1845Z9Z12Z15Z1,5.508223256878135e-05
DGTSDS1839Z12Z15Z1845Z9Z12Z15Z2,0.0
FACOAL180,0.0026189650022990295
FACOAL181,0.0
FACOAL18111Z,0.007262591325593165
G3PAT160,0.003090887772925716
G3PAT160h,0.00033113811371816534
G3PAT180,0.0014264772825057798
G3PAT180h,0.0
G3PAT181,0.0028818784485648056
G3PAT1819Z,0.0028556469150338034
G3PAT1819Zh,0.009430802212296904
G3PAT181h,0.0005296720619735858
GLYALDOR,0.011891176335805798
GLYK,0.010254890419030107
MAGAH160,0.0
MAGAH180,0.0
MAGAH18111Z,0.0
MAGAH1819Z,0.0
MGDGD4DS1819Z1644Z7Z10Z13Z,0.0
MGDGD4DS1829Z12Z1634Z7Z10Z,5.47378710038685e-05
MGDGD4DS1829Z12Z1644Z7Z10Z13Z,0.004291516705525021
MGDGD4DS1839Z12Z15Z1634Z7Z10Z,0.0004390871074607041
MGDGD4DS1839Z12Z15Z1644Z7Z10Z13Z,0.0
MGDGD7DS1819Z1617Z,0.005388496640899635
MGDGD7DS1829Z12Z1617Z,2.7222470665038364e-05
MGDGS1819Z160,0.0071248616392658275
MGDGS1819Z1619Z,0.00010849328517745514
MGDGW3DS1819Z1637Z10Z13Z,0.0
MGDGW3DS1829Z12Z1637Z10Z13Z,0.00434625457652889
MGDGW3DS1829Z12Z1644Z7Z10Z13Z,0.0
MGDGW3DS1839Z12Z15Z160,2.7222470665038364e-05
MGDGW3DS1839Z12Z15Z1627Z10Z,0.0009329128167184596
MGDGW3DS1839Z12Z15Z1634Z7Z10Z,0.0
MGDGW3DS1839Z12Z15Z1637Z10Z13Z1,0.0
MGDGW3DS1839Z12Z15Z1637Z10Z13Z2,0.0004390871074607041
MGDGW3DS1839Z12Z15Z1644Z7Z10Z13Z1,0.003852429598064317
MGDGW3DS1839Z12Z15Z1644Z7Z10Z13Z2,0.0
MGDGW6DS1819Z1627Z10Z,0.005388496640899635
MGDGW6DS1829Z12Z160,8.159458608164444e-05
MGDGW6DS1829Z12Z1617Z,0.0
MGDGW6DS1829Z12Z1619Z,2.7222470665038364e-05
MGDGW6DS1829Z12Z1627Z10Z1,0.005388496640899635
MGDGW6DS1829Z12Z1627Z10Z2,0.0
MGDGW6DS1829Z12Z1637Z10Z13Z,0.0
MGDGW6DS1829Z12Z1644Z7Z10Z13Z,0.0
PAPA16018111Z,0.0010643142093199535
PAPA1601819Z,0.0020265735636057626
PAPA1601819Zh,0.0
PAPA160h,0.00033113811371816534
PAPA1801819Z,0.0014264772825057798
PAPA1801819Zh,0.0
PAPA181,0.001032768779253947
PAPA18111Z160h,0.0003860679764352844
PAPA18111Z1819Z,0.0015891888054102216
PAPA18111Z1819Zh,0.0
PAPA1819Z160h,0.00835760099325741
PAPA1819Z1619Zh,0.00010849328517745514
PAPA1819Z18111Z,0.0010883984436572789
PAPA1819Z18111Zh,0.0
PAPA1819Z1819Z,0.0017322591243129778
PAPA1819Z1819Zh,0.0
PED5DS1801835Z9Z12Z,0.004094706497569705
PED5DS18111Z1835Z9Z12Z,0.0004379993330836675
PED5DS1819Z1835Z9Z12Z,3.9887577963004834e-05
PEDS1801829Z12Z,0.004094706497569705
PEDS1801845Z9Z12Z15Z,0.0019347510545317614
PEDS18111Z1829Z12Z,0.0004379993330836675
PEDS18111Z1845Z9Z12Z15Z,1.722138705285271e-05
PEDS1819Z1829Z12Z,3.9887577963004834e-05
PEDS1819Z1845Z9Z12Z15Z,5.21860213722812e-07
PEDS1829Z12Z1835Z9Z12Z,2.661487089986339e-05
PLDAGAT16018111Z1601,0.0
PLDAGAT16018111Z1602,0.0
PLDAGAT16018111Z18111Z1,0.0
PLDAGAT16018111Z18111Z2,0.0
PLDAGAT16018111Z18111Z3,0.0
PLDAGAT16018111Z1819Z1,0.0
PLDAGAT16018111Z1819Z2,0.0
PLDAGAT16018111Z1819Z3,0.0
PLDAGAT16018111Z1819Z4,0.0
PLDAGAT1601819Z1601,0.0
PLDAGAT1601819Z1602,0.0
PLDAGAT1601819Z18111Z1,0.0
PLDAGAT1601819Z18111Z2,0.0
PLDAGAT1601819Z18111Z3,0.0
PLDAGAT1601819Z1819Z1,0.0
PLDAGAT1601819Z1819Z2,0.0
PLDAGAT1601819Z1819Z3,0.0
PLDAGAT1601819Z1819Z4,0.0
PLDAGAT1801819Z1601,0.0
PLDAGAT1801819Z1602,0.0
PLDAGAT1801819Z18111Z1,0.0
PLDAGAT1801819Z18111Z2,0.0
PLDAGAT1801819Z18111Z3,0.0
PLDAGAT1801819Z1819Z1,0.0
PLDAGAT1801819Z1819Z2,0.0
PLDAGAT1801819Z1819Z3,0.0
PLDAGAT1801819Z1819Z4,0.0
PLDAGAT18111Z18111Z1601,0.0
PLDAGAT18111Z18111Z1602,0.0
PLDAGAT18111Z18111Z18111Z1,0.0
PLDAGAT18111Z18111Z18111Z2,0.0
PLDAGAT18111Z18111Z18111Z3,0.0
PLDAGAT18111Z18111Z1819Z1,0.0
PLDAGAT18111Z18111Z1819Z2,0.0
PLDAGAT18111Z18111Z1819Z3,0.0
PLDAGAT18111Z18111Z1819Z4,0.0
PLDAGAT18111Z1819Z1601,0.0
PLDAGAT18111Z1819Z1602,0.0
PLDAGAT18111Z1819Z18111Z1,0.0
PLDAGAT18111Z1819Z18111Z2,0.0
PLDAGAT18111Z1819Z18111Z3,0.0
PLDAGAT18111Z1819Z1819Z1,0.0
PLDAGAT18111Z1819Z1819Z2,0.0
PLDAGAT18111Z1819Z1819Z3,0.0
PLDAGAT18111Z1819Z1819Z4,0.0
PLDAGAT1819Z18111Z1601,0.0
PLDAGAT1819Z18111Z1602,0.0
PLDAGAT1819Z18111Z18111Z1,0.0
PLDAGAT1819Z18111Z18111Z2,0.0
PLDAGAT1819Z18111Z18111Z3,0.0
PLDAGAT1819Z18111Z1819Z1,0.0
PLDAGAT1819Z18111Z1819Z2,0.0
PLDAGAT1819Z18111Z1819Z3,0.0
PLDAGAT1819Z18111Z1819Z4,0.0
PLDAGAT1819Z1819Z1601,0.0
PLDAGAT1819Z1819Z1602,0.0
PLDAGAT1819Z1819Z18111Z1,0.0
PLDAGAT1819Z1819Z18111Z2,0.0
PLDAGAT1819Z1819Z18111Z3,0.0
PLDAGAT1819Z1819Z1819Z1,0.0
PLDAGAT1819Z1819Z1819Z2,0.0
PLDAGAT1819Z1819Z1819Z3,0.0
PLDAGAT1819Z1819Z1819Z4,0.0
SQDGATCA18111Z160,0.00016046606075206048
SQDGATCA1819Z160,0.00048229961713390675
SQDGATPA18111Z160,0.00016016757035623594
SQDGATPA1819Z160,0.0004814007902437922
SQDGS160,0.00033113811371816534
SQDGS18111Z160,0.0003860679764352844
SQDGS1819Z160,0.0012327393539915824
SQDGW3DS1839Z12Z15Z160,0.00010521194246163076
SQDGW6DS1829Z12Z160,0.0002036046012868955
TAGAH16018111Z160,0.0
TAGAH16018111Z180,0.0
TAGAH16018111Z18111Z,0.0
TAGAH16018111Z1819Z,0.0
TAGAH16018111Z1835Z9Z12Z,0.0
TAGAH16018111Z1845Z9Z12Z15Z,0.0
TAGAH1601819Z160,0.0
TAGAH1601819Z180,0.0
TAGAH1601819Z18111Z,0.0
TAGAH1601819Z1819Z,0.0
TAGAH1601819Z1835Z9Z12Z,0.0
TAGAH1601819Z1845Z9Z12Z15Z,0.0
TAGAH1801819Z160,0.0
TAGAH1801819Z180,0.0
TAGAH1801819Z18111Z,0.0
TAGAH1801819Z1819Z,0.0
TAGAH1801819Z1835Z9Z12Z,0.0
TAGAH1801819Z1845Z9Z12Z15Z,0.0
TAGAH18111Z18111Z160,0.0
TAGAH18111Z18111Z180,0.0
TAGAH18111Z18111Z18111Z,0.0
TAGAH18111Z18111Z1819Z,0.0
TAGAH18111Z18111Z1835Z9Z12Z,0.0
TAGAH18111Z18111Z1845Z9Z12Z15Z,0.0
TAGAH18111Z1819Z160,0.0
TAGAH18111Z1819Z180,0.0
TAGAH18111Z1819Z18111Z,0.0
TAGAH18111Z1819Z1819Z,0.0
TAGAH18111Z1819Z1835Z9Z12Z,0.0
TAGAH18111Z1819Z1845Z9Z12Z15Z,0.0
TAGAH1819Z18111Z160,0.0
TAGAH1819Z18111Z180,0.0
TAGAH1819Z18111Z18111Z,0.0
TAGAH1819Z18111Z1819Z,0.0
TAGAH1819Z18111Z1835Z9Z12Z,0.0
TAGAH1819Z18111Z1845Z9Z12Z15Z,0.0
TAGAH1819Z1819Z160,0.0
TAGAH1819Z1819Z180,0.0
TAGAH1819Z1819Z18111Z,0.0
TAGAH1819Z1819Z1819Z,0.0
TAGAH1819Z1819Z1835Z9Z12Z,0.0
TAGAH1819Z1819Z1845Z9Z12Z15Z,0.0
TM16018111Z,1.0420968894316113e-05
TM1601819Z,0.0009726803231801253
TM18111Z18111Z,1.0065993731628912e-05
TM18111Z1819Z,0.00012848668680423594
TM1819Z18111Z,6.56956581349607e-05
TM1819Z1819Z,0.0006696687608276548
UDPSQS,0.0019499454441450322
1AGPEAT1801819Z,0.0036885885613507606
1AGPEAT1801829Z12Z,0.0
1AGPEAT1801835Z9Z12Z,0.0
1AGPEAT1801845Z9Z12Z15Z,0.0
1AGPEAT18111Z1819Z,0.0
1AGPEAT18111Z1829Z12Z,0.0
1AGPEAT18111Z1835Z9Z12Z,0.0
1AGPEAT18111Z1845Z9Z12Z15Z,0.0
1AGPEAT1819Z1819Z,0.0
1AGPEAT1819Z1829Z12Z,0.0
1AGPEAT1819Z1835Z9Z12Z,0.0
1AGPEAT1819Z1845Z9Z12Z15Z,0.0
1AGPEAT1829Z12Z1835Z9Z12Z,0.0
CDIPT18111Z160,0.00025992086390063686
CDIPT1819Z160,3.498934706354719e-05
CDPDAGS18111Z160,0.00025992086390063686
CDPDAGS18111Z160h,0.00014360408553830135
CDPDAGS1819Z160,3.498934706354719e-05
CDPDAGS1819Z160h,0.0009647079338620382
ETHAK,0.0008840048472656166
ETHAPT1801819Z,0.0004061179362189443
ETHAPT18111Z1819Z,0.0004379993330836675
ETHAPT1819Z1819Z,3.9887577963004834e-05
G3PD1,-0.006630893541207031
G3PD2,0.0
G3PO,0.018030817948596026
GPDDA2,0.0
LPLPS1AGPE180,0.0
LPLPS1AGPE18111Z,0.0
LPLPS1AGPE1819Z,0.0
LPLPS1AGPE1829Z12Z,0.0
PETHCT,0.0008840048472656166
PGD3TDS18111Z1613E,6.08502515536688e-05
PGD3TDS1819Z1613E,6.08502515536688e-05
PGD3TDS1829Z12Z1613E,0.0004548348352807718
PGD3TDS1839Z12Z15Z1613E,0.00016685541400029543
PGPP18111Z160,0.0
PGPP18111Z160h,0.00014360408553830135
PGPP1819Z160,0.0
PGPP1819Z160h,0.0009647079338620382
PGPS18111Z160,0.0
PGPS18111Z160h,0.00014360408553830135
PGPS1819Z160,0.0
PGPS1819Z160h,0.0009647079338620382
PGW3DS1839Z12Z15Z160,0.0002666972071107086
PGW6DS1829Z12Z160,0.0008211038483237369
PLPSA21801819Z,0.0
PLPSA21801829Z12Z,0.0
PLPSA21801835Z9Z12Z,0.001842311575076592
PLPSA21801845Z9Z12Z15Z,0.0018462769862741695
PLPSA218111Z1819Z,0.0
PLPSA218111Z1829Z12Z,0.0
PLPSA218111Z1835Z9Z12Z,0.0
PLPSA218111Z1845Z9Z12Z15Z,0.0
PLPSA21819Z1819Z,0.0
PLPSA21819Z1829Z12Z,0.0
PLPSA21819Z1835Z9Z12Z,0.0
PLPSA21819Z1845Z9Z12Z15Z,0.0
PLPSA21829Z12Z1835Z9Z12Z,0.0
PLPSD1801819Z,0.0
PLPSD1801829Z12Z,0.0
PLPSD1801835Z9Z12Z,0.0
PLPSD1801845Z9Z12Z15Z,0.0
PLPSD18111Z1819Z,0.0
PLPSD18111Z1829Z12Z,0.0
PLPSD18111Z1835Z9Z12Z,0.0
PLPSD18111Z1845Z9Z12Z15Z,0.0
PLPSD1819Z1819Z,0.0
PLPSD1819Z1829Z12Z,0.0
PLPSD1819Z1835Z9Z12Z,0.0
PLPSD1819Z1845Z9Z12Z15Z,0.0
PLPSD1829Z12Z1835Z9Z12Z,0.0
SERDC,0.0008840048472656166
AMO,0.0
AOBUTDxs,0.0
DHLDH,0.0
GCLDH,0.0
GHMT,-0.04510318331455193
GLYATx,0.0
GLYCDH,0.0
GLYCOR_LPAREN_nadp_RPAREN_,-0.00312302234399613
GLYDHD,0.0
GLYPT,0.0
GLYTA,0.0
GLYTL,0.0
GLYTLm,0.0
HSK,0.00032804704387422493
PGLYCPh,0.0
PGLYDH,0.0
PSAT,0.0
PSP,0.0
SERTL,0.0
SGAT,0.0
SPTA,0.011891176335805798
THRA,-0.04359567376652275
THRAL,-0.060830787892451256
THRS,4.457490628067512e-15
THRTL,0.0
THRTLm,0.0
ASADH,0.002788399872897473
ASPK,0.002788399872897473
HSDH,0.00032804704387422493
A1E,0.0
ACP,0.0
ACPh,0.0
ALCDH_LPAREN_pqq_RPAREN_x,-3.232830669830378e-14
ENO,0.8657421355455576
ENOf,0.0
ENOm,5.627442956068762e-15
FBAf,0.0
FBAh,0.0
FBAm,0.0
G6PI,0.0
G6PIh,0.0
GAPDHf,0.0
GAPDHh,-0.41089489524130585
GAPDHi,0.0
GAPDHm,0.0
GLUKA,0.019622146840265118
GLUKAh,0.0
GLUKB,0.0
GLUKBh,0.0
PFKh,0.0
PGCM,-0.19590143881457028
PGIA,-0.18323077913358732
PGIAh,-0.2655390135807654
PGIB,0.0
PGIBh,0.0
PGM,0.8657421355455632
PGMf,0.0
PGMm,0.0
PGMTh,-0.2655390135807654
PQQm,3.232830669830378e-14
PDHam1hi,0.3148971414747998
PDHam1mi,0.0
PDHam2hi,0.0
PDHam2mi,0.0
PDHe2hr,0.0
PDHe2r,0.0
PDHe3hr,0.0
PGKf,0.0
PGKh,-11.21673194326076
PGK,0.0
PGKm,0.0
PYK,0.0
PYKf,0.0
PYKm,0.0
TPIh,-4.5887591964106305
PDCh,0.31046850638255796
PDCm,0.0
PDHe3mr,0.0
ATPCS,0.0
FKYNH,0.0
FORAMDx,0.0
FTHDF,0.0
FTHFL,0.04590055411450042
GLYCK,0.0
GLYCLTD,0.0
GLYDH,0.008768153991809668
HDAO10x,0.0
HOXPRm,0.0
ICL,0.0
MTHFCx,0.0
OXADCm,0.0
PGLYCPx,0.0
RBCh,0.0
ACS,0.0
MALSh,0.0
MALSm,0.0
MALSx,0.0
GDPMT,0.0
MM3,0.0
ADPART,0.00016402352193488367
ALDH_LPAREN_im4ac_RPAREN_,0.0
AO,0.0
AOOA,-0.00016402352193488367
AOOAh,0.0
HDC,0.0
HDH,0.00016402352193488367
HDHh,0.0
HISTL,0.0
HP,0.00016402352193488367
HPh,0.0
IGPD,0.00016402352193488367
IGPDh,0.0
IMGPS,0.00016402352193488367
IMGPSh,0.0
PRACH,0.00016402352193488367
PRACHh,0.0
PRADP,0.00016402352193488367
PRADPh,0.0
PRICI,0.00016402352193488367
PRICIh,0.0
AMI3TP,0.0
AMITKP,0.0
AMITKPn,0.0
AMITP,0.0
AMITPn,0.0
IBPH,0.0
IBPHn,0.0
IPKK,0.0
ITK1K,0.0
ITKK,0.0
ITKPH,0.0
ITKPHn,0.0
ITKPK,0.0
ITPH,0.0
MI1PP,0.0
MI3PP,0.00029491021096418406
MI3PSA,0.00029491021096418406
MI3PSB,0.0
MI4PP,0.0
MIBP,0.0
MIHKPP,0.0
MIOOR,0.0
MITKP,0.0
MITP,0.0
MITPn,0.0
MMSD,0.0
13HODEOR,0.0
13HPODEDH,0.0
LLOX13,0.0
LNLCCOADS,0.0
DAPAT,0.0024603528290232483
DAPDC,0.0024603528290232483
DAPEP,0.0024603528290232483
DHDPS,0.0024603528290232483
DHPR,0.0024603528290232483
LYSTL,0.0
COORr,0.0
MMAOR,0.0
ACDO,0.0018570183915729217
ACDO_LPAREN_co_RPAREN_,0.0
ACPCS,0.0
ACRS,0.0018570183915729217
ACRSP,0.0018570183915729217
ADSH,-0.0003280470438697652
ADSHm,0.009505265808307736
AHAL,0.0
AHHST,0.0
AHSL,0.0
CBL,0.00032804704386976745
CYSTS,0.00032804704386976745
DMT,0.0
M5TAP,0.0018570183915729217
M5TRK,0.0
M5TRPH,0.0018570183915729217
M5TRPI,0.0018570183915729217
MAT,0.0015289713477031545
MATm,0.009505265808307736
METTF,0.0
METTL,0.0
MOTA,0.0018570183915729217
MS,0.0
AMCL,0.0
APAPT,0.0
APAPTm,0.0
MTAN,0.0
BDMT,0.006540715613421706
DOLASNT,0.006540715613421706
DOLDPP,0.006540715613421706
DOLPGT1,0.006540715613421706
DOLPGT2,0.006540715613421706
DOLPGT3,0.006540715613421706
DOLPMT,0.026162862453686823
DOLPMT1,0.006540715613421706
DOLPMT2,0.006540715613421706
G12MT1,0.006540715613421706
G12MT2,0.006540715613421706
G12MT3,0.006540715613421706
G12MT4,0.006540715613421706
G13MT,0.006540715613421706
G16MT,0.006540715613421706
GLCNACPT,0.006540715613421706
GLCNACT,0.006540715613421706
MG1A,0.006540715613421706
MG1B,0.0
MG2A,0.006540715613421706
MG2B,0.0
MG3A,0.006540715613421706
MG3B,0.0
MM1,0.006540715613421706
MM2,0.006540715613421706
UDPDOLPT,0.019622146840265118
AN2PT,0.0
ANNA,0.0
ANNAn,0.0
ANNAT,0.0
ANNATn,0.0
DNGAL,0.0
DNGALh,0.0
DNNH,0.0
N2PH,-1.2385925618474403e-15
NAAH,0.0
NADS1,0.0
NAPT,0.0
NARP,0.0
NNOR,-0.31676853179688685
NPH,0.0
NRPH,0.0
NRS,0.0
AMID,0.0
CPS,0.0
FORA,0.0
GLUS_LPAREN_nadph_RPAREN_,0.0
GLYS,0.03530275511271872
NITR,0.061372818352123916
NITR_LPAREN_NO_RPAREN_,0.061372818352123916
NO2R,0.0
NODOx,0.0
NODOy,0.0
URCBm,0.0
HISD,0.0
HYNE,0.0
OGMG,0.0
URCN,0.0
A2GALT1,0.0
A2GALT2,0.0
A2GALT3,0.0
A2GALT4,0.0
A2GALT5,0.0
A2GALT6,0.0
A3GALT1,0.0
A3GALT2,0.0
A3GALT3,0.0
A3GALT4,0.0
A3GALT5,0.0
A3MT,0.0
A4GALT,0.0
B2ARAT1,0.0
B2ARAT2,0.0
B2ARAT3,0.0
B2ARAT4,0.0
B2ARAT5,0.0
B4ARAT,0.0
B5ARAT,0.0
G6MT1,0.0
G6MT2,0.0
PROAKGOX1,0.0
DHFR2i,0.0
DHFRi,0.00029516239352546836
FGFTh,0.0
FGFTm,0.0
FOLR2,0.0
FPGFTh,0.0
FPGFTm,0.0
FTAL,0.0
FTCL,0.0
FTHFO,0.0
MDUMT,0.00029516239352546836
METSm,0.009505265808307737
MTAM,0.0
MTAM_LPAREN_nh4_RPAREN_,0.0
MTHFO,0.009505265808307737
MTHFO_LPAREN_nadp_RPAREN_,0.0
ATPSm,1.7451790633462023
CCP2m,0.022868265296276835
CYOO6m,1.36569148916589
CYOR_LPAREN_q8_RPAREN_m,0.0
IDPh,0.3916220337981669
IDPm,0.005436594534907841
NADHOR,0.0
2DHPFALDL,0.0
ACPS1,0.0
ACPS1h,0.0
ADCPT,2.7755575615628914e-17
APCPT,0.0
APNPT,2.7755575615628914e-17
APPAT,2.7755575615628914e-17
APPT,0.0
BCTA_LPAREN_val_RPAREN_m,0.019190752066381378
CYSCL,0.0
DMHL,0.019190752066381378
DMORh,0.0
DMORm,0.019190752066381378
MTMOHT,0.0
PBALm,0.0
PNORm,0.0
PNORn,0.0
PPATDh,0.0
PPATDm,0.019190752066381378
PPCL,0.0
PPCL_LPAREN_CTP_RPAREN_,0.0
DRBK,0.0
G6PADH,0.006656576948318005
G6PADHh,0.0
G6PBDH,0.0
G6PBDHh,0.0
GNKh,0.0
PGDH,0.0
PGDHh,0.006656576948318005
PGLh,0.006656576948318005
PPM,0.0
PPMh,0.0
RBK,0.0
RPDPK,0.00016402352193488367
TAh,2.5514988210616396
RPEh,-4.056641607541249
RPIh,1.9779388549135941
TKT1h,-2.025860450941601
TKT2h,-2.030781156599648
ANTPPT,0.00016402352193488367
ATNS,0.0
ATNS_LPAREN_nh4_RPAREN_,0.00016402352193488367
CHRM,0.004756682136111629
CHRS,0.004920705658046512
DHQS,0.004920705658046512
DPHS,0.004920705658046512
DQDH,0.004920705658046512
G3PL,0.0
IGPS,0.00016402352193488367
PHETL,0.0
POAT,0.004592658614176745
POATh,0.0
POATm,0.0
PPDH,0.004592658614176745
PPOR,0.00016402352193488367
PRAI,0.00016402352193488367
PSCIT,0.004920705658046512
SERH,0.00016402352193488367
SKDH,0.004920705658046512
SKK,0.004920705658046512
TRPS2h,0.0
TRPTL,0.0
TYRTA,0.0
TYRTAh,0.00016402352193488367
TYRTAm,0.0
TYRTL,0.0
ATPSh,18.043512872631847
CBFC,14.627268304674187
CEF,0.0
FNORh,14.627268304674187
PSIblue,0.01634043251083386
PSIIblue,0.0
PSIred,14.610927872163353
PSIIred,7.313634152337094
SUCDHh,0.0
ABOR,0.0
AGDI,0.0
AGDIn,0.0
ARDC,0.0
CMPA,0.0
ORDC,0.0
ORDCh,0.0
PTOR,0.0
APOFETNs,0.0
BILIRED,0.0
CHLADMT,0.0
CHLAE,0.0
CHLASE,0.0
CHLASG,0.0
CHLASP,0.001365471876740763
CHLBSG,0.0
CHLBSP,0.0022406917129784423
CHLDADMT,0.0
CHLDAO,0.0022406917129784423
CPP1O,0.0
CPP3O,0.0
CPPPGO,0.0036061635897192052
DVCHLDR,0.0036061635897192052
DVPCHLD450OR,0.0036061635897192052
DVPCHLD646OR,0.0
DVPCHLDR,0.0
FCLT,0.0
FE2TFENR,0.0
FERO,0.0
G1SAT,0.028849308717753642
GGCHLDAR,0.0
GGCHLDBR,0.0
GLUTRR,0.028849308717753642
GLUTRS,0.028849308717753642
HEMEASm,0.0
HEMELh,0.0
HEMELm,0.0
HEMEOSm,0.0
HOXG,0.0
MPMECY1,0.0036061635897192052
MPMECY2,0.0036061635897192052
MPMECY3,0.0036061635897192052
MPML,0.0036061635897192052
MPMT,0.0036061635897192052
PC2D,0.0
PCHLD450OR,0.0
PCHLD646OR,0.0
PCHLDR,0.0
PHPHBDDMC,0.0
PPBNGD,0.0036061635897192052
PPBNGS,0.014424654358876821
PPPGO,0.0036061635897192052
SHCHF,0.0
TFENFEOR,0.0
UPP1R,0.0
UPP1S,0.0
UPP3MT,0.0
UPP3O,0.0
UPP3S,0.0036061635897192052
UPPDC1,0.0036061635897192052
UPPDC2,0.0
ACCAHh,-2.7755575615628914e-17
ACCAHm,2.7755575615628914e-17
APAT,-0.004068671273399894
APPTh,0.0
APPTm,0.0
HICH,0.0
HPCOR,-0.023944767909313387
HPHL,-0.023944767909313387
HPHLm,0.0
MCDC,0.0
OCDOR,-0.023944767909313387
PACPT,-0.004068671273399894
PCFPTh,0.028013439182713255
PCFPTm,2.7755575615628914e-17
PCNO,0.023944767909313387
PCNOn,0.0
PCPPTh,0.0
PCPPTm,0.0
PPACOAL,0.0
PPACOALh,0.0
PPACOALm,0.0
AAL_LPAREN_fum_RPAREN_,0.008396599028600602
AASP,0.0
AASPh,0.0
AASPm,0.0
ADATT,0.0
ADEC,0.0
ADECn,0.0
ADEDA,0.0
ADNDA,0.0
ADNK,0.0
ADNKm,0.009505265808307713
ADPA,0.2610908125072986
ADRH,0.0
ADSS,0.008396599028600602
ADSSh,0.0
AGPOP,0.0
AGPOPm,0.0
AGPT,0.01463568978961705
AIAL,0.022868265296282768
AMP5N,0.0003280470438697426
AMPD,0.0
APATT,0.0
APN,0.0
APNn,0.0
APPRT,0.0018570183915729217
ARDP,0.0
ATAH,0.0
ATAH_LPAREN_co2_RPAREN_,0.0
ATAM,0.0
ATAMh,0.06931952465965097
ATAMm,0.005436594534907819
ATDAM,0.0
ATDAMh,0.0
ATDAMm,0.0
ATDGD,0.0
ATDGDm,0.0
ATDGM,0.0
ATGD,0.0
ATGDm,0.0
ATID,0.0
ATIDm,0.0
ATNAH,0.0
ATPPH,0.0
ATPPHm,1.3622128691507198
ATS,0.0
BPNT,0.0
BTP,0.0
BTPS,0.0
DAMPH,0.0
DAOTO,0.00029516239352546836
DAPOP,0.0
DGOTO,0.0
DGTD,0.0
DGTTO,0.0005247331440452778
DMPH,0.0
FPAIF,0.02303228881821765
FPGFT,0.022868265296282768
GBDP,-0.385650779162115
GCPN,0.0
GCPNn,0.0
GDPA,0.0
GDTP,-0.385650779162115
GMP5N,0.0
GMPS,0.01463568978961705
GMPS_LPAREN_glu_RPAREN_,0.0
GMPS_LPAREN_glu_RPAREN_m,0.0
GMPSm,0.0
GPAR,0.0
GTPA,0.30375204982310194
GTPDPK,-0.385650779162115
GTPOP,0.0
GTPOPm,0.0
GUAC,0.0
GUACn,0.0
GUAD,0.0
HIUH,0.0
HPRT,0.0
I5NT,0.0
ICH,0.02303228881821765
IDPA,0.0
IMPD,0.01463568978961705
IMPDm,0.0
ISRH,0.0
ITPA,0.0
ITPP,0.0
NDPK,0.0
NDPKm,0.00029516239352546836
NTDP,0.0
NTPD,0.0
PAPSTYRST,0.0
PPRGL,0.022868265296282768
PPRGLh,0.0
PRAIC,0.022868265296282768
PRAICh,0.0
PRAIS,0.022868265296282768
PRAISh,0.0
PRDPAR,0.022868265296282768
PRFGCL,0.022868265296282768
PRFGCLh,0.0
PRFGS,0.022868265296282768
PRFGSh,0.0
R5PDP,0.0477575725060672
RNTR,0.0
RSPN,0.0
SUAT,0.0026060395318845673
UGAH,0.0
URO,0.0
X5NT,0.0
XANDH,0.0
XNDH,0.0
XPPRT,0.0
XTSNRH,0.0
ASPCT,0.0
ASPCTm,0.02286826529627663
ATCD,0.021758835702759854
ATCDm,0.0
ATCM,0.02228356884680513
ATCY,0.0
ATDCD,0.0
ATDCDm,0.0005247331440452778
ATDCM,0.0
ATDTD,0.0
ATDTDm,0.00029516239352546836
ATDTM,0.00029516239352546836
ATDUD,0.0
ATDUDm,0.0
ATUD,0.0
ATUDm,0.23185113533769033
AUPT,0.0
CDDA,0.0
CDPPH,0.0
CMP,0.0
CSDA,0.0
CTPH,0.0
CYRH,0.0
DATCY,0.0
DATUP,0.0
DCAH,0.0
DCDT,0.0005247331440452778
DCMAH,0.0
DCMP,0.0
DCTCP,0.0
DCTT,0.0
DCTUP,0.0
DGTCY,0.0
DGTUP,0.0
DHR,0.02286826529627663
DHRO,0.02286826529627663
DHROm,0.0
DTMPK,0.0
DTNH,0.0
DTPH,0.0
DTTGY,0.0
DTTUP,0.0
DUDT,0.0
DURIK1,0.0
DUTCP,0.0
DUTNH,0.00029516239352546836
DUTT,0.00029516239352546836
DUTUP,0.0
GTCY,0.0
GTUP,0.0
HCGAL,0.0
HCGALm,0.043207182016202224
ITCY,0.0
ITUP,0.0
NTD1,0.0
ORPDC,0.02286826529627663
ORPRT,-0.02286826529627663
TDSR,0.0016397910751414922
TDSRh,0.0
TMDK1,0.0
TPH,0.0
UDPGP,0.0
UMPK,0.029408980909698335
UMPP,0.0
UPH,0.0
UPRT,0.0
UTAL,0.014635689789617053
UTCY,0.0
UTGAL,0.0
UTPH,0.0
UTPPH,0.0
UTUP,0.0
ACACT,0.05301734364982117
ACALD,-3.232830669830378e-14
ACALDh,0.2668728326160352
ACCOAhi,0.010411228389865784
ACDHi,0.0
ACDHmi,-3.232830669830378e-14
ACKrh,-0.008439805453569704
ACKrm,-2.848069002858722e-14
ALCDH_LPAREN_nadp_RPAREN_hi,0.0
ALCDH_LPAREN_nadp_RPAREN_i,0.0
ALCDHi,0.0
ALCDHmi,0.0
ALDDH,0.0
ALDDHm,0.0
APhi,0.0
ASPAT,0.06546291943708171
D_DASH_LACDHm,2.754251243628057
GLYOXm,0.0
IPPSh,0.0
LALDD1,0.0
LALDD2,0.0
LDHm,-2.754251243628057
LGTHL,0.0
LLDH_LPAREN_ferr_RPAREN_m,0.0
LLDH_LPAREN_ferr_RPAREN_x,0.0
LLDHh,0.0
LLDHm,0.0
PFLACTm,0.01603009654021423
PFLh,0.0
PTArh,0.008439805453569704
PTArm,2.848069002858722e-14
PYRDC,0.0
PYRShi,0.23793885014012175
HYDAh,0.0
HYDA,0.0
HYDAm,0.0
BATHORHODOPSINI,0.0
CAROMO,7.026914948290193e-08
CRETINOLOR1,1.4053829896580386e-07
CRETINOLOR2,0.0
CRETINOLPMTACT,0.0
LUMIRHODOPSINI,0.0
METARHODOPSINH,0.0
RETACIH,0.0
RETINOLACACT,0.0
RETINOLSAT,0.0
RETPALMIH,1.4053829896580386e-07
RHODOPSINI,0.0
RHODOPSINRT,1.4053829896580386e-07
TRETINOLOR1,1.4053829896580386e-07
TRETINOLOR2,0.0
TRETINOLPMTACT,1.4053829896580386e-07
AFAT,0.0
ARPT,0.0
ARZS,0.0
AUNOR,0.0
AUS,0.0
DBRC,0.0
DHPAH,0.0
DLDLBT,0.0
GTPDH,0.0
NNPRT,0.0
R5PFL,0.0
R5PPH,0.0
RIBFS,0.0
ACHMSSELCYSL,0.0
ACHMSSELCYSLh,0.0
ACSERL,0.0
ACSERLh,0.0
ACSERLm,0.0
PHOMSELCYSL,0.0
PHOMSELCYSLh,0.0
SEAHCYSHYD,0.0
SELCYSLY2,0.0
SELCYSTL,0.0
SELCYSTLh,0.0
SELTORc,0.0
SELTORm,0.0
SUCHMSSELCYSL,0.0
SUCHMSSELCYSLh,0.0
SECYSTL,0.0
SLCS,0.0
SLDK,0.0
3DSPHR,0.0
PSPHS,0.0
SBPP1,0.0
SBPP3,0.0
SERPT,0.0
SGOR,0.0
SGPL11,0.0
SGPL13,0.0
SLCBK1,0.0
SPHK21,0.0
AATHA,0.0
AATHB,0.0
ABFPT,0.0
ABFPTh,0.0
BFFS,0.0
SAGH,0.0
SPP,0.0
THP,0.0
UFAGT,0.0
UG6PGT,0.0
UG6PGTn,0.0
UGDC,0.07097642605703963
UGDH,0.07097642605703963
UGE,0.0
UG1PUT,0.19590143881457028
GLPThi,0.28120151358076545
STARCH300DEGR2A,0.0
STARCH300DEGR2B,0.0
STARCH300DEGRA,6.961111111111111e-05
STARCH300DEGRB,0.0
STARCH300S,0.0009373383786025515
ARSO4SH,0.0
BPNT2,0.0
PAPSPHENST,0.0
SULO,0.0
SULOm,0.0
SULR_LPAREN_ferr_RPAREN_,0.0006560940877395348
TSULe,0.0
ACONT,0.0775642947324124
ACONTx,0.0
AKGDHe2r,0.0
AKGDHmi,0.0
CS,0.0
CSm,0.07756429473241422
CSx,0.0
ICDHm,0.0
MDH_LPAREN_nadp_RPAREN_fi,0.0
SUCL_LPAREN_gdp_RPAREN_m,0.0
PCr,-4.2670463363266675
MDHf,0.0
MDHh,-0.16763471572116942
MDHm,-3.4134055760764475
MDHx,0.0
ACONTm,1.817990202823694e-15
FUMm,0.051603781044808894
ICDH,0.07756429473241422
ICDHhr,0.0
SUCLm,0.0
SUCDH_LPAREN_q8_RPAREN_m,0.0
SUCDHm,0.0
PPCKm,-5.627442956068762e-15
PPCK,0.0
DEDOLDPS,-2.168404344971009e-19
DEDOLDPSAT,-2.168404344971009e-19
TTCGGDPS,-2.168404344971009e-19
TRP23OR,0.0
34HPPYRI,0.0
FAA,0.0
HGDO,0.0
HPPD,0.0
MAAI,0.0
MAAIn,0.0
TAT,0.0
ALPH,0.0
ALPHm,0.0
URCB,0.0
ACAS_LPAREN_2ahbut_RPAREN_,0.004428635092241849
DHAD,0.004428635092241849
DHAD_LPAREN_3mob_RPAREN_,0.0
DHAD_LPAREN_3mob_RPAREN_h,0.0
DHADh,0.0
ILETL,0.0
IMDH,0.011153599491572078
IMDHT,0.011153599491572078
IMDHT_LPAREN_3c2hmp_RPAREN_,0.011153599491572078
IPMS,0.011153599491572078
KARI,0.004428635092241849
KARI_LPAREN_23dhmb_RPAREN_,0.0
KARI_LPAREN_23dhmp_RPAREN_,0.004428635092241849
KARI_LPAREN_3hmoa_RPAREN_,0.0
LEUTL,0.0
MOPC,0.011153599491572078
TAL,0.03244207427495513
VALTL,0.0
VALTLh,0.0
ACCAT,0.0
ALDH,0.0
DHRT_LPAREN_2mbcoa_RPAREN_,0.0
DHRT_LPAREN_ibcoa_RPAREN_,0.0
DHRT_LPAREN_ivcoa_RPAREN_,0.0
ECH_LPAREN_3hibutcoa_RPAREN_,0.0
ECH_LPAREN_3hivcoa_RPAREN_,0.0
ECH_LPAREN_3hmbcoa_RPAREN_,0.0
HIBH,0.0
HMGL,0.0
HMNO,0.0
HMNOS,0.0
IVCDH,0.0
MCDH,0.0
MCDH_LPAREN_2mb2coa_RPAREN_,0.0
MCTC,0.0
MGC,0.0
MHGS,0.0
MMSDH,0.0
MOD,0.0
MOD_LPAREN_2mbdhl_RPAREN_,0.0
MOD_LPAREN_2mhop_RPAREN_,0.0
MOD_LPAREN_3mhtpp_RPAREN_,0.0
MOD_LPAREN_3mop_RPAREN_,0.0
MOD_LPAREN_4mop_RPAREN_,0.0
OIVD3m,0.0
BCTA,0.004428635092241849
BCTA_LPAREN_glu_RPAREN_,-0.011153599491572078
BCTA_LPAREN_glu_RPAREN_h,0.0
BCTA_LPAREN_val_RPAREN_,0.0
BCTA_LPAREN_val_RPAREN_h,0.011153599491572078
BCTAh,0.0
PDX5POi,0.0
PDXPP,0.0
PYAM5PO,0.0
PYAMPP,0.0
PYDAMK,0.0
PYDXDH,0.0
PYDXK,0.0
PYDXNK,0.0
PYDXNO,0.0
PYDXO,0.0
PYDXOR,0.0
PYDXPP,0.0
PYDXS,0.0
